{"cameraMode":{"drawMode":0,"name":"Shaded","section":"Shading Mode"},"sceneLighting":false,"audioPlay":false,"sceneViewState":{"showFog":true,"showMaterialUpdate":true,"showSkybox":false,"showFlares":true,"showImageEffects":true,"showParticleSystems":true},"in2DMode":false,"pivot":{"x":9.86858081817627,"y":31.326416015625,"z":7.925071716308594},"rotation":{"x":0.13549643754959107,"y":0.11300058662891388,"z":-0.015557097271084786,"w":0.9842118620872498},"size":45.30162048339844,"orthographic":false}