{"cameraMode":{"drawMode":0,"name":"Shaded","section":"Shading Mode"},"sceneLighting":false,"audioPlay":false,"sceneViewState":{"showFog":true,"showMaterialUpdate":true,"showSkybox":false,"showFlares":true,"showImageEffects":true,"showParticleSystems":true},"in2DMode":false,"pivot":{"x":2.5620827674865724,"y":-1.7648768424987794,"z":3.0947771072387697},"rotation":{"x":-0.1457873433828354,"y":-0.22579921782016755,"z":0.03420349955558777,"w":-0.9626092910766602},"size":9.940364837646485,"orthographic":false}