{"cameraMode":{"drawMode":0,"name":"Shaded","section":"Shading Mode"},"sceneLighting":true,"audioPlay":false,"sceneViewState":{"showFog":true,"showMaterialUpdate":true,"showSkybox":true,"showFlares":true,"showImageEffects":true,"showParticleSystems":true},"in2DMode":false,"pivot":{"x":-5.582298278808594,"y":-7.297351360321045,"z":4.941343307495117},"rotation":{"x":-0.012080437503755093,"y":-0.9876165986061096,"z":0.12240402400493622,"w":-0.09748921543359757},"size":3.4879775047302248,"orthographic":false}