{"cameraMode":{"drawMode":0,"name":"Shaded","section":"Shading Mode"},"sceneLighting":false,"audioPlay":false,"sceneViewState":{"showFog":true,"showMaterialUpdate":true,"showSkybox":false,"showFlares":true,"showImageEffects":true,"showParticleSystems":true},"in2DMode":false,"pivot":{"x":0.8488869667053223,"y":-8.261154174804688,"z":25.2896671295166},"rotation":{"x":-0.17191700637340547,"y":-0.020099002867937089,"z":0.0035152470227330925,"w":-0.9849143028259277},"size":15.281414985656739,"orthographic":false}