{"cameraMode":{"drawMode":0,"name":"Shaded","section":"Shading Mode"},"sceneLighting":false,"audioPlay":false,"sceneViewState":{"showFog":true,"showMaterialUpdate":true,"showSkybox":false,"showFlares":true,"showImageEffects":true,"showParticleSystems":true},"in2DMode":false,"pivot":{"x":-2.4985344409942629,"y":0.6340158581733704,"z":-1.0202875137329102},"rotation":{"x":-0.03075556270778179,"y":-0.8205670118331909,"z":-0.04435388743877411,"w":0.5689981579780579},"size":3.0720906257629396,"orthographic":false}