{"cameraMode":{"drawMode":0,"name":"Shaded","section":"Shading Mode"},"sceneLighting":false,"audioPlay":false,"sceneViewState":{"showFog":true,"showMaterialUpdate":true,"showSkybox":false,"showFlares":true,"showImageEffects":true,"showParticleSystems":true},"in2DMode":false,"pivot":{"x":-4.116599082946777,"y":-0.549481987953186,"z":-1.2458839416503907},"rotation":{"x":-0.00003621015639510006,"y":-0.9990575313568115,"z":0.04379658401012421,"w":-0.000892235548235476},"size":10.063008308410645,"orthographic":false}