{"cameraMode":{"drawMode":0,"name":"Shaded","section":"Shading Mode"},"sceneLighting":true,"audioPlay":false,"sceneViewState":{"showFog":true,"showMaterialUpdate":true,"showSkybox":true,"showFlares":true,"showImageEffects":true,"showParticleSystems":true},"in2DMode":false,"pivot":{"x":-112.872802734375,"y":103.25716400146485,"z":79.09371185302735},"rotation":{"x":-0.0009836519602686167,"y":-0.5606736540794373,"z":-0.0006701424135826528,"w":0.8280569911003113},"size":190.12615966796876,"orthographic":false}