{"cameraMode":{"drawMode":0,"name":"Shaded","section":"Shading Mode"},"sceneLighting":true,"audioPlay":false,"sceneViewState":{"showFog":true,"showMaterialUpdate":true,"showSkybox":true,"showFlares":true,"showImageEffects":true,"showParticleSystems":true},"in2DMode":false,"pivot":{"x":-3.166273832321167,"y":0.7041527032852173,"z":-0.00004651397466659546},"rotation":{"x":0.1989702731370926,"y":0.08074738830327988,"z":-0.01645239070057869,"w":0.9765346050262451},"size":2.6004440784454347,"orthographic":false}