{"cameraMode":{"drawMode":0,"name":"Shaded","section":"Shading Mode"},"sceneLighting":false,"audioPlay":false,"sceneViewState":{"showFog":true,"showMaterialUpdate":true,"showSkybox":false,"showFlares":true,"showImageEffects":true,"showParticleSystems":true},"in2DMode":false,"pivot":{"x":34.26707458496094,"y":-0.002587258815765381,"z":-6.78000020980835},"rotation":{"x":0.13549643754959107,"y":0.11300058662891388,"z":-0.015557097271084786,"w":0.9842118620872498},"size":82.30577087402344,"orthographic":false}