{"cameraMode":{"drawMode":0,"name":"Shaded","section":"Shading Mode"},"sceneLighting":false,"audioPlay":false,"sceneViewState":{"showFog":true,"showMaterialUpdate":true,"showSkybox":false,"showFlares":true,"showImageEffects":true,"showParticleSystems":true},"in2DMode":false,"pivot":{"x":30.038114547729493,"y":2.3651599884033205,"z":1.6127815246582032},"rotation":{"x":0.23509249091148377,"y":-0.004072049167007208,"z":0.0009749114979058504,"w":0.9719880223274231},"size":15.59238338470459,"orthographic":false}