{"cameraMode":{"drawMode":0,"name":"Shaded","section":"Shading Mode"},"sceneLighting":true,"audioPlay":false,"sceneViewState":{"showFog":true,"showMaterialUpdate":true,"showSkybox":true,"showFlares":true,"showImageEffects":true,"showParticleSystems":true},"in2DMode":false,"pivot":{"x":4.527717113494873,"y":29.229900360107423,"z":-3.5273337364196779},"rotation":{"x":0.13549643754959107,"y":0.11300058662891388,"z":-0.015557097271084786,"w":0.9842118620872498},"size":34.1395378112793,"orthographic":false}