{"cameraMode":{"drawMode":0,"name":"Shaded","section":"Shading Mode"},"sceneLighting":false,"audioPlay":false,"sceneViewState":{"showFog":true,"showMaterialUpdate":true,"showSkybox":false,"showFlares":true,"showImageEffects":true,"showParticleSystems":true},"in2DMode":false,"pivot":{"x":4.166886329650879,"y":-8.898824691772461,"z":2.2874767780303957},"rotation":{"x":0.5297784209251404,"y":-0.1601560264825821,"z":0.10265535116195679,"w":0.8265277147293091},"size":6.736139297485352,"orthographic":false}