{"cameraMode":{"drawMode":0,"name":"Shaded","section":"Shading Mode"},"sceneLighting":false,"audioPlay":false,"sceneViewState":{"showFog":true,"showMaterialUpdate":true,"showSkybox":false,"showFlares":true,"showImageEffects":true,"showParticleSystems":true},"in2DMode":false,"pivot":{"x":-0.13751232624053956,"y":-0.3862038254737854,"z":0.060182809829711917},"rotation":{"x":-0.10602517426013947,"y":0.8715066909790039,"z":-0.21633192896842957,"w":-0.4271296262741089},"size":10.203570365905762,"orthographic":false}