{"cameraMode":{"drawMode":0,"name":"Shaded","section":"Shading Mode"},"sceneLighting":false,"audioPlay":false,"sceneViewState":{"showFog":true,"showMaterialUpdate":true,"showSkybox":false,"showFlares":true,"showImageEffects":true,"showParticleSystems":true},"in2DMode":false,"pivot":{"x":40.0,"y":5.960464477539063e-8,"z":-1.1920928955078126e-7},"rotation":{"x":0.33441850543022158,"y":0.26248055696487429,"z":-0.0975538045167923,"w":0.8998841643333435},"size":37.4713249206543,"orthographic":false}