{"cameraMode":{"drawMode":0,"name":"Shaded","section":"Shading Mode"},"sceneLighting":true,"audioPlay":false,"sceneViewState":{"showFog":true,"showMaterialUpdate":true,"showSkybox":true,"showFlares":true,"showImageEffects":true,"showParticleSystems":true},"in2DMode":false,"pivot":{"x":23.62567901611328,"y":-4.7464070320129398,"z":10.10958194732666},"rotation":{"x":-0.012080437503755093,"y":-0.9876165986061096,"z":0.12240402400493622,"w":-0.09748921543359757},"size":35.74473190307617,"orthographic":false}