{"cameraMode":{"drawMode":0,"name":"Shaded","section":"Shading Mode"},"sceneLighting":false,"audioPlay":false,"sceneViewState":{"showFog":true,"showMaterialUpdate":true,"showSkybox":false,"showFlares":true,"showImageEffects":true,"showParticleSystems":true},"in2DMode":false,"pivot":{"x":-33.841800689697269,"y":184.98138427734376,"z":-56.22074890136719},"rotation":{"x":0.14826363325119019,"y":0.0017919266829267145,"z":-0.00026836240431293845,"w":0.9889641404151917},"size":99.58341217041016,"orthographic":false}