{"cameraMode":{"drawMode":0,"name":"Shaded","section":"Shading Mode"},"sceneLighting":true,"audioPlay":false,"sceneViewState":{"showFog":true,"showMaterialUpdate":true,"showSkybox":true,"showFlares":true,"showImageEffects":true,"showParticleSystems":true},"in2DMode":false,"pivot":{"x":272.7657165527344,"y":185.37091064453126,"z":96.91024780273438},"rotation":{"x":0.1272093653678894,"y":0.06275606900453568,"z":-0.008051428943872452,"w":0.9898769855499268},"size":300.5517883300781,"orthographic":false}